PERMCO,dlrsn
5,0.0
7,0.0
59,0.0
90,0.0
92,0.0
116,0.0
137,0.0
153,0.0
157,0.0
176,0.0
194,0.0
211,0.0
216,0.0
261,0.0
282,0.0
317,0.0
323,0.0
357,0.0
362,0.0
370,0.0
374,0.0
392,0.0
397,0.0
430,0.0
458,1.0
469,0.0
475,0.0
511,0.0
537,0.0
544,0.0
579,0.0
589,0.0
614,0.0
644,0.0
676,0.0
678,0.0
682,0.0
727,0.0
737,0.0
779,0.0
780,0.0
781,0.0
840,0.0
841,0.0
892,0.0
904,0.0
912,0.0
913,0.0
925,0.0
1035,0.0
1071,0.0
1072,0.0
1103,0.0
1167,0.0
1177,0.0
1186,0.0
1222,0.0
1239,0.0
1260,0.0
1261,0.0
1263,0.0
1285,0.0
1344,0.0
1354,0.0
1367,0.0
1418,0.0
1425,0.0
1451,0.0
1467,0.0
1477,0.0
1507,0.0
1513,0.0
1519,0.0
1543,0.0
1557,0.0
1582,0.0
1620,0.0
1629,0.0
1632,0.0
1645,0.0
1658,0.0
1685,0.0
1686,0.0
1688,0.0
1689,0.0
1693,1.0
1741,0.0
1768,0.0
1810,0.0
1824,0.0
1830,0.0
1847,0.0
1852,0.0
1856,0.0
1868,0.0
1892,0.0
1940,0.0
2002,0.0
2004,0.0
2072,0.0
2075,0.0
2088,0.0
2093,0.0
2105,0.0
2116,0.0
2130,0.0
2183,0.0
2191,0.0
2235,0.0
2238,0.0
2253,0.0
2293,0.0
2343,1.0
2366,0.0
2367,0.0
2427,0.0
2488,0.0
2498,0.0
2502,0.0
2527,0.0
2535,0.0
2551,0.0
2552,0.0
2572,0.0
2577,0.0
2600,0.0
2612,0.0
2615,0.0
2636,0.0
2664,0.0
2706,0.0
2709,0.0
2728,0.0
2736,0.0
2767,0.0
2775,0.0
2784,0.0
2847,0.0
2850,0.0
2913,0.0
2949,0.0
2971,0.0
3021,0.0
3031,0.0
3048,0.0
3074,0.0
3083,0.0
3091,0.0
3102,0.0
3104,0.0
3133,0.0
3151,0.0
3160,0.0
3178,0.0
3194,0.0
3200,0.0
3217,0.0
3218,0.0
3219,0.0
3236,0.0
3262,0.0
3275,0.0
3302,0.0
3305,0.0
3306,0.0
3309,0.0
3321,0.0
3326,0.0
3334,0.0
3348,0.0
3363,0.0
3370,0.0
3396,0.0
3418,0.0
3466,0.0
3487,0.0
3526,0.0
3580,0.0
3588,0.0
3622,0.0
3624,0.0
3641,0.0
3642,0.0
3682,0.0
3685,0.0
3741,0.0
3771,0.0
3781,0.0
3840,0.0
3860,0.0
3902,0.0
3911,0.0
3914,0.0
4040,0.0
4062,0.0
4090,1.0
4111,0.0
4120,0.0
4147,0.0
4162,0.0
4163,0.0
4181,0.0
4196,0.0
4230,1.0
4234,0.0
4260,0.0
4262,0.0
4275,1.0
4289,0.0
4293,0.0
4295,0.0
4298,0.0
4338,0.0
4342,0.0
4350,0.0
4373,1.0
4375,0.0
4381,0.0
4402,0.0
4450,0.0
4456,0.0
4494,0.0
4516,0.0
4522,0.0
4547,0.0
4557,0.0
4560,0.0
4589,0.0
4604,0.0
4609,1.0
4620,0.0
4643,0.0
4655,0.0
4673,0.0
4678,0.0
4684,0.0
4685,0.0
4690,0.0
4691,0.0
4702,0.0
4722,0.0
4761,0.0
4797,0.0
4805,0.0
4814,0.0
4815,0.0
4818,0.0
4879,0.0
4881,0.0
4905,0.0
4954,0.0
4980,0.0
4998,0.0
5009,0.0
5037,0.0
5057,0.0
5085,0.0
5137,0.0
5152,0.0
5169,0.0
5184,0.0
5195,0.0
5225,0.0
5242,0.0
5253,0.0
5286,0.0
5342,0.0
5348,0.0
5354,0.0
5358,1.0
5440,0.0
5589,0.0
5651,0.0
5653,0.0
5660,0.0
5679,0.0
5703,0.0
5705,0.0
5708,0.0
5737,0.0
5761,0.0
5780,0.0
5828,0.0
5837,0.0
5856,0.0
5860,0.0
5869,0.0
5908,0.0
5925,0.0
5926,0.0
5935,0.0
5941,0.0
5957,0.0
5974,0.0
5981,0.0
6051,0.0
6058,0.0
6080,0.0
6093,0.0
6104,0.0
6121,1.0
6137,0.0
6144,0.0
6149,0.0
6185,0.0
6213,0.0
6244,0.0
6252,0.0
6262,0.0
6267,0.0
6281,0.0
6304,0.0
6333,0.0
6342,0.0
6377,1.0
6391,0.0
6407,0.0
6412,0.0
6413,0.0
6438,1.0
6515,0.0
6520,0.0
6533,0.0
6560,0.0
6593,0.0
6606,0.0
6616,0.0
6617,0.0
6675,0.0
6688,0.0
6689,0.0
6702,0.0
6736,0.0
6748,0.0
6760,0.0
6765,0.0
6779,0.0
6784,0.0
6785,1.0
6827,0.0
6863,0.0
6883,0.0
6944,0.0
6959,0.0
6968,1.0
6977,0.0
6992,0.0
6996,0.0
7013,0.0
7019,0.0
7029,0.0
7062,0.0
7064,0.0
7065,0.0
7067,0.0
7093,0.0
7094,0.0
7103,0.0
7113,0.0
7119,0.0
7135,0.0
7177,0.0
7184,0.0
7195,0.0
7232,0.0
7257,0.0
7267,0.0
7301,0.0
7329,0.0
7337,0.0
7343,0.0
7378,0.0
7407,0.0
7428,0.0
7459,0.0
7460,0.0
7506,0.0
7557,0.0
7585,0.0
7623,0.0
7636,1.0
7676,0.0
7684,0.0
7720,0.0
7752,0.0
7764,0.0
7765,0.0
7784,0.0
7786,0.0
7788,0.0
7850,0.0
7863,0.0
7864,0.0
7869,0.0
7871,0.0
7882,0.0
7902,0.0
7911,1.0
7914,0.0
7936,0.0
7946,1.0
7969,1.0
7976,0.0
7978,0.0
7980,0.0
7992,0.0
8037,0.0
8045,0.0
8048,0.0
8049,0.0
8087,0.0
8120,0.0
8125,0.0
8135,0.0
8158,0.0
8170,0.0
8179,0.0
8185,0.0
8186,0.0
8228,0.0
8237,0.0
8254,0.0
8278,0.0
8284,0.0
8292,0.0
8299,0.0
8317,0.0
8325,1.0
8340,0.0
8360,0.0
8372,0.0
8377,0.0
8418,0.0
8431,0.0
8441,0.0
8458,0.0
8461,0.0
8476,0.0
8508,0.0
8523,0.0
8526,0.0
8527,1.0
8534,0.0
8549,0.0
8551,0.0
8565,0.0
8586,0.0
8598,0.0
8600,0.0
8674,0.0
8677,0.0
8702,0.0
8721,0.0
8727,0.0
8743,0.0
8760,1.0
8762,0.0
8766,0.0
8778,0.0
8786,0.0
8810,0.0
8811,0.0
8820,0.0
8826,0.0
8879,0.0
8889,0.0
8909,0.0
9002,0.0
9010,0.0
9023,0.0
9028,0.0
9053,0.0
9058,0.0
9096,0.0
9117,0.0
9141,0.0
9146,0.0
9147,0.0
9158,0.0
9169,0.0
9188,0.0
9193,0.0
9213,0.0
9222,0.0
9235,0.0
9239,0.0
9245,0.0
9257,0.0
9280,0.0
9312,0.0
9360,0.0
9370,0.0
9375,0.0
9418,0.0
9424,0.0
9438,0.0
9440,0.0
9449,0.0
9465,0.0
9476,0.0
9480,0.0
9522,0.0
9550,0.0
9558,0.0
9576,0.0
9588,0.0
9616,0.0
9632,0.0
9645,0.0
9646,0.0
9654,0.0
9677,0.0
9764,0.0
9798,0.0
9804,0.0
9833,0.0
9847,0.0
9848,0.0
9857,0.0
9868,0.0
9899,0.0
9914,0.0
9971,0.0
9977,0.0
9999,0.0
10022,0.0
10039,0.0
10059,0.0
10107,0.0
10108,0.0
10110,0.0
10147,0.0
10210,0.0
10218,0.0
10224,0.0
10256,0.0
10270,1.0
10279,0.0
10288,0.0
10299,0.0
10302,0.0
10303,0.0
10323,0.0
10358,0.0
10359,0.0
10372,0.0
10380,0.0
10408,0.0
10416,0.0
10419,0.0
10421,0.0
10467,0.0
10486,0.0
10504,0.0
10512,0.0
10544,0.0
10545,0.0
10561,0.0
10563,0.0
10579,1.0
10594,0.0
10604,0.0
10634,0.0
10651,0.0
10691,0.0
10724,0.0
10743,0.0
10758,0.0
10759,0.0
10805,0.0
10817,0.0
10827,0.0
10831,0.0
10855,0.0
10867,0.0
10876,0.0
10877,0.0
10905,0.0
10937,0.0
10954,0.0
10959,0.0
10961,1.0
10962,0.0
10979,0.0
10989,0.0
10992,0.0
10993,0.0
10996,0.0
11001,0.0
11003,0.0
11005,0.0
11018,0.0
11023,0.0
11041,1.0
11042,0.0
11050,0.0
11052,0.0
11083,0.0
11092,0.0
11096,0.0
11099,0.0
11100,0.0
11101,0.0
11103,0.0
11106,0.0
11111,0.0
11112,0.0
11116,0.0
11123,0.0
11157,0.0
11161,0.0
11204,0.0
11225,0.0
11238,0.0
11245,1.0
11248,0.0
11250,0.0
11253,0.0
11257,0.0
11270,0.0
11276,0.0
11281,1.0
11282,0.0
11300,0.0
11304,0.0
11316,0.0
11324,0.0
11344,0.0
11358,0.0
11361,0.0
11371,0.0
11403,0.0
11415,0.0
11432,0.0
11439,0.0
11440,0.0
11446,0.0
11454,0.0
11455,0.0
11469,0.0
11470,0.0
11473,0.0
11479,0.0
11480,0.0
11482,0.0
11486,0.0
11506,0.0
11508,0.0
11512,0.0
11516,0.0
11522,0.0
11530,0.0
11537,0.0
11542,0.0
11544,0.0
11547,0.0
11558,0.0
11559,0.0
11576,0.0
11591,0.0
11592,0.0
11600,0.0
11606,0.0
11621,0.0
11649,0.0
11655,1.0
11657,0.0
11679,0.0
11691,0.0
11697,0.0
11705,0.0
11706,0.0
11709,0.0
11713,0.0
11724,1.0
11764,0.0
11778,0.0
11789,0.0
11801,0.0
11802,0.0
11830,0.0
11832,1.0
11857,0.0
11865,0.0
11871,0.0
11879,0.0
11901,0.0
11905,0.0
11908,1.0
11922,0.0
11934,0.0
11937,0.0
11946,0.0
11950,0.0
11952,0.0
11958,0.0
11959,0.0
11960,0.0
11961,1.0
11980,0.0
11981,0.0
12000,0.0
12009,0.0
12011,0.0
12014,0.0
12015,0.0
12025,0.0
12027,0.0
12032,0.0
12036,0.0
12038,0.0
12044,0.0
12053,0.0
12058,0.0
12074,0.0
12083,0.0
12086,0.0
12097,0.0
12108,0.0
12119,0.0
12127,1.0
12133,0.0
12139,0.0
12147,0.0
12165,0.0
12185,0.0
12194,0.0
12197,0.0
12214,0.0
12221,0.0
12234,1.0
12240,0.0
12289,0.0
12291,1.0
12332,1.0
12335,1.0
12339,0.0
12347,0.0
12361,0.0
12375,0.0
12378,0.0
12384,0.0
12390,0.0
12412,0.0
12415,0.0
12434,0.0
12452,1.0
12461,0.0
12462,0.0
12467,1.0
12470,0.0
12482,1.0
12484,0.0
12499,0.0
12503,0.0
12516,0.0
12517,0.0
12523,0.0
12525,0.0
12530,0.0
12539,0.0
12541,0.0
12546,0.0
12553,0.0
12557,0.0
12561,0.0
12564,0.0
12569,0.0
12574,0.0
12577,0.0
12583,0.0
12608,0.0
12618,0.0
12624,0.0
12627,0.0
12639,1.0
12669,0.0
12702,0.0
12706,0.0
12721,0.0
12780,0.0
12783,0.0
12793,0.0
12835,0.0
12843,0.0
12846,0.0
12848,0.0
12859,0.0
12863,0.0
12865,0.0
12867,0.0
12895,0.0
12902,0.0
12908,0.0
12917,0.0
12924,0.0
12926,0.0
12930,0.0
12933,0.0
12949,0.0
12951,0.0
12952,0.0
12981,0.0
12994,0.0
13001,0.0
13008,0.0
13019,1.0
13036,0.0
13041,1.0
13087,0.0
13092,0.0
13094,1.0
13110,1.0
13114,0.0
13115,0.0
13136,0.0
13159,0.0
13180,0.0
13187,0.0
13210,0.0
13225,0.0
13239,1.0
13240,0.0
13252,0.0
13273,0.0
13294,0.0
13300,0.0
13302,0.0
13304,0.0
13311,0.0
13338,0.0
13384,0.0
13394,0.0
13396,0.0
13400,0.0
13401,1.0
13402,0.0
13407,0.0
13413,0.0
13422,0.0
13433,0.0
13447,0.0
13449,0.0
13466,0.0
13479,0.0
13487,0.0
13504,0.0
13517,0.0
13521,0.0
13524,0.0
13536,0.0
13539,0.0
13567,0.0
13585,0.0
13587,0.0
13594,1.0
13603,0.0
13617,0.0
13650,0.0
13657,0.0
13662,0.0
13682,0.0
13695,0.0
13710,0.0
13712,1.0
13733,0.0
13739,0.0
13745,0.0
13747,0.0
13753,0.0
13758,0.0
13771,0.0
13776,0.0
13790,0.0
13799,0.0
13801,0.0
13810,0.0
13840,0.0
13852,0.0
13856,0.0
13876,0.0
13912,0.0
13913,0.0
13914,0.0
13915,0.0
13927,0.0
13938,0.0
13943,0.0
13945,0.0
13960,0.0
13966,0.0
13971,0.0
13978,0.0
13979,0.0
13987,0.0
14013,0.0
14025,0.0
14031,0.0
14043,0.0
14046,0.0
14049,0.0
14066,0.0
14091,0.0
14093,0.0
14098,0.0
14111,0.0
14124,0.0
14143,0.0
14152,0.0
14157,0.0
14161,0.0
14175,0.0
14179,0.0
14191,0.0
14201,0.0
14203,1.0
14205,0.0
14228,0.0
14249,0.0
14258,0.0
14268,0.0
14283,0.0
14305,0.0
14306,0.0
14330,0.0
14332,0.0
14335,1.0
14352,0.0
14355,0.0
14374,0.0
14377,0.0
14381,1.0
14382,0.0
14385,0.0
14387,0.0
14393,0.0
14394,0.0
14398,0.0
14427,0.0
14470,0.0
14479,0.0
14480,1.0
14494,0.0
14497,0.0
14498,0.0
14499,0.0
14521,0.0
14525,0.0
14527,0.0
14531,0.0
14535,0.0
14572,0.0
14582,0.0
14589,0.0
14602,0.0
14620,0.0
14633,0.0
14648,0.0
14659,0.0
14661,0.0
14675,0.0
14681,0.0
14687,0.0
14710,0.0
14712,0.0
14715,0.0
14722,0.0
14737,0.0
14744,0.0
14751,0.0
14762,0.0
14763,0.0
14775,0.0
14776,0.0
14778,0.0
14781,0.0
14783,0.0
14795,0.0
14828,0.0
14830,0.0
14838,0.0
14845,0.0
14859,0.0
14863,0.0
14867,0.0
14873,0.0
14888,0.0
14889,0.0
14910,1.0
14915,0.0
14923,0.0
14926,0.0
14927,0.0
14931,0.0
14957,0.0
14958,0.0
14969,0.0
14977,0.0
14991,0.0
15025,0.0
15031,1.0
15037,0.0
15061,0.0
15097,0.0
15098,0.0
15108,0.0
15114,0.0
15152,0.0
15171,0.0
15177,0.0
15190,0.0
15192,0.0
15199,0.0
15217,0.0
15243,0.0
15259,0.0
15267,0.0
15276,0.0
15285,0.0
15293,1.0
15295,1.0
15306,0.0
15307,0.0
15313,0.0
15314,0.0
15321,0.0
15323,0.0
15339,0.0
15370,0.0
15374,0.0
15376,0.0
15385,0.0
15388,0.0
15389,0.0
15401,0.0
15412,0.0
15423,0.0
15446,0.0
15450,0.0
15454,0.0
15468,0.0
15471,0.0
15473,0.0
15481,0.0
15483,0.0
15490,0.0
15494,0.0
15506,0.0
15507,0.0
15529,0.0
15547,0.0
15560,0.0
15561,0.0
15563,0.0
15567,0.0
15568,0.0
15580,0.0
15587,0.0
15596,0.0
15597,1.0
15601,0.0
15608,1.0
15610,0.0
15612,1.0
15638,0.0
15642,0.0
15657,0.0
15658,0.0
15673,0.0
15678,0.0
15684,0.0
15692,0.0
15697,0.0
15708,0.0
15709,0.0
15714,0.0
15715,0.0
15734,0.0
15739,0.0
15745,0.0
15758,0.0
15761,0.0
15783,0.0
15800,0.0
15802,0.0
15812,0.0
15826,0.0
15841,0.0
15843,0.0
15849,0.0
15858,0.0
15863,0.0
15900,0.0
15905,0.0
15909,0.0
15918,0.0
15921,0.0
15926,0.0
15928,0.0
15933,0.0
15934,0.0
15939,0.0
15940,0.0
15974,1.0
15982,1.0
15989,0.0
15993,0.0
15994,0.0
15995,0.0
16011,1.0
16015,1.0
16026,0.0
16028,0.0
16029,0.0
16032,0.0
16035,0.0
16037,0.0
16065,0.0
16066,0.0
16070,0.0
16071,1.0
16075,0.0
16080,0.0
16084,0.0
16094,0.0
16101,0.0
16107,0.0
16108,0.0
16109,0.0
16119,0.0
16121,0.0
16123,0.0
16130,0.0
16145,0.0
16147,0.0
16148,0.0
16149,0.0
16166,0.0
16167,0.0
16169,0.0
16171,1.0
16174,0.0
16177,0.0
16182,0.0
16188,0.0
16222,0.0
16228,0.0
16232,0.0
16268,0.0
16285,0.0
16290,0.0
16300,0.0
16310,0.0
16313,0.0
16332,0.0
16347,0.0
16365,0.0
16367,0.0
16374,0.0
16382,0.0
16384,0.0
16396,0.0
16402,0.0
16410,0.0
16415,0.0
16421,0.0
16436,1.0
16449,0.0
16454,0.0
16455,0.0
16457,0.0
16463,0.0
16464,0.0
16466,0.0
16470,0.0
16475,1.0
16476,1.0
16487,0.0
16488,0.0
16490,0.0
16492,0.0
16506,0.0
16518,1.0
16526,0.0
16544,0.0
16560,0.0
16561,0.0
16572,0.0
16578,0.0
16581,0.0
16584,0.0
16587,0.0
16597,0.0
16599,0.0
16609,0.0
16612,0.0
16614,0.0
16619,0.0
16622,0.0
16628,1.0
16631,0.0
16636,0.0
16640,0.0
16644,0.0
16647,1.0
16649,0.0
16650,0.0
16665,0.0
16666,0.0
16668,0.0
16678,0.0
16691,1.0
16695,0.0
16706,0.0
16755,1.0
16758,0.0
16779,0.0
16863,0.0
16908,0.0
17128,0.0
17163,0.0
17164,1.0
17176,0.0
17183,0.0
17185,1.0
17201,0.0
17202,0.0
17205,0.0
17207,1.0
17208,0.0
17210,0.0
17216,1.0
17298,0.0
17300,0.0
17303,0.0
17314,0.0
17317,0.0
17322,0.0
17323,0.0
17343,0.0
17346,0.0
17387,0.0
17395,0.0
17403,1.0
17451,1.0
17469,0.0
17473,0.0
17476,0.0
17480,0.0
17491,0.0
17502,0.0
17506,0.0
17523,0.0
17524,1.0
17664,0.0
17665,0.0
17667,0.0
17669,0.0
18348,0.0
18404,0.0
18406,0.0
18455,0.0
18701,0.0
18709,0.0
20000,0.0
20015,0.0
20017,0.0
20018,0.0
20030,0.0
20034,1.0
20035,0.0
20041,0.0
20043,0.0
20048,0.0
20058,0.0
20060,0.0
20064,0.0
20065,0.0
20068,0.0
20077,0.0
20097,0.0
20098,0.0
20192,0.0
20193,0.0
20201,0.0
20203,0.0
20204,0.0
20207,0.0
20215,1.0
20217,0.0
20222,0.0
20232,0.0
20235,0.0
20238,0.0
20239,0.0
20242,1.0
20247,0.0
20250,0.0
20253,0.0
20257,0.0
20260,0.0
20265,0.0
20270,0.0
20271,0.0
20277,0.0
20283,0.0
20284,0.0
20288,0.0
20289,0.0
20299,1.0
20309,0.0
20312,0.0
20315,0.0
20330,0.0
20331,0.0
20342,0.0
20344,0.0
20345,0.0
20357,0.0
20361,0.0
20363,0.0
20370,0.0
20371,0.0
20374,0.0
20376,1.0
20378,0.0
20381,0.0
20384,0.0
20392,0.0
20394,0.0
20397,0.0
20398,0.0
20408,0.0
20409,0.0
20421,0.0
20426,1.0
20435,0.0
20436,0.0
20439,1.0
20440,0.0
20442,0.0
20448,0.0
20450,1.0
20462,0.0
20463,0.0
20468,0.0
20469,0.0
20470,0.0
20473,0.0
20481,1.0
20483,0.0
20484,0.0
20493,0.0
20495,0.0
20499,0.0
20505,0.0
20518,0.0
20523,0.0
20531,0.0
20537,0.0
20541,0.0
20543,0.0
20549,0.0
20556,0.0
20557,0.0
20561,0.0
20566,0.0
20569,0.0
20574,0.0
20582,0.0
20584,0.0
20585,0.0
20592,0.0
20594,0.0
20596,0.0
20597,0.0
20608,0.0
20609,0.0
20610,0.0
20616,0.0
20622,0.0
20642,0.0
20643,0.0
20653,0.0
20659,0.0
20662,0.0
20666,0.0
20672,0.0
20678,0.0
20681,0.0
20684,0.0
20685,1.0
20695,0.0
20697,0.0
20698,0.0
20699,0.0
20707,0.0
20723,1.0
20732,1.0
20733,0.0
20736,1.0
20750,0.0
20773,0.0
20782,0.0
20786,0.0
20791,0.0
20792,0.0
20793,0.0
20798,0.0
20805,0.0
20807,0.0
20819,0.0
20832,0.0
20834,0.0
20836,0.0
20837,1.0
20841,0.0
20842,0.0
20851,0.0
20866,0.0
20868,0.0
20875,1.0
20881,0.0
20883,0.0
20884,0.0
20887,0.0
20890,0.0
20891,0.0
20894,0.0
20897,0.0
20900,0.0
20902,0.0
20906,0.0
20908,0.0
20913,0.0
20915,0.0
20922,0.0
20932,0.0
20938,0.0
20939,0.0
20942,0.0
20950,0.0
20964,0.0
20965,0.0
20968,0.0
20974,0.0
20977,0.0
20978,0.0
20981,0.0
20982,0.0
20987,1.0
20990,0.0
20991,0.0
20994,0.0
20997,0.0
21011,0.0
21018,0.0
21019,0.0
21022,0.0
21029,0.0
21033,0.0
21035,0.0
21037,0.0
21041,0.0
21045,0.0
21055,0.0
21057,0.0
21068,0.0
21080,0.0
21090,0.0
21092,0.0
21097,0.0
21100,0.0
21102,0.0
21105,0.0
21107,0.0
21110,0.0
21113,0.0
21114,0.0
21121,0.0
21125,0.0
21128,0.0
21130,0.0
21132,0.0
21157,0.0
21158,0.0
21161,0.0
21168,0.0
21169,0.0
21170,0.0
21174,0.0
21175,0.0
21177,0.0
21179,0.0
21185,0.0
21188,0.0
21189,0.0
21193,0.0
21194,0.0
21195,0.0
21201,0.0
21205,0.0
21206,0.0
21224,0.0
21230,0.0
21236,0.0
21242,0.0
21244,0.0
21245,0.0
21247,0.0
21255,0.0
21256,0.0
21258,0.0
21259,0.0
21280,0.0
21286,0.0
21294,0.0
21298,0.0
21299,0.0
21300,0.0
21303,0.0
21305,0.0
21308,0.0
21322,0.0
21326,0.0
21328,0.0
21329,0.0
21332,0.0
21346,0.0
21348,0.0
21349,0.0
21351,0.0
21356,0.0
21365,0.0
21366,0.0
21367,0.0
21372,0.0
21374,1.0
21375,0.0
21376,0.0
21377,0.0
21384,0.0
21385,0.0
21389,0.0
21394,0.0
21396,0.0
21397,0.0
21398,0.0
21401,0.0
21402,0.0
21404,0.0
21405,0.0
21409,0.0
21411,0.0
21413,0.0
21425,0.0
21430,0.0
21431,0.0
21446,0.0
21457,0.0
21458,0.0
21478,0.0
21482,0.0
21495,0.0
21515,0.0
21526,0.0
21530,0.0
21532,0.0
21538,0.0
21541,0.0
21543,0.0
21545,0.0
21548,0.0
21550,0.0
21551,0.0
21560,0.0
21576,0.0
21578,0.0
21587,0.0
21594,0.0
21596,0.0
21599,0.0
21603,0.0
21609,0.0
21617,0.0
21629,0.0
21637,0.0
21640,0.0
21645,0.0
21658,0.0
21662,0.0
21664,0.0
21665,0.0
21669,0.0
21693,0.0
21694,0.0
21696,0.0
21698,0.0
21718,0.0
21722,0.0
21723,0.0
21724,0.0
21731,0.0
21737,0.0
21739,0.0
21740,0.0
21743,0.0
21744,1.0
21752,0.0
21753,0.0
21758,0.0
21763,0.0
21764,0.0
21767,0.0
21783,0.0
21791,0.0
21794,0.0
21795,0.0
21798,0.0
21808,0.0
21810,0.0
21814,0.0
21826,0.0
21832,0.0
21835,0.0
21838,0.0
21839,0.0
21849,0.0
21854,0.0
21859,0.0
21869,0.0
21874,0.0
21876,0.0
21880,0.0
21881,0.0
21888,0.0
21889,0.0
21890,0.0
21899,0.0
21900,0.0
21913,0.0
21914,0.0
21916,0.0
21923,0.0
21927,0.0
21931,0.0
21932,0.0
21935,0.0
21936,0.0
21945,0.0
21948,0.0
21949,0.0
21995,0.0
22037,0.0
22075,0.0
22095,0.0
22096,0.0
22113,0.0
22122,0.0
22124,0.0
22168,0.0
22200,0.0
22462,0.0
22807,0.0
22856,0.0
23285,0.0
23373,0.0
23511,0.0
24025,0.0
24567,0.0
25865,0.0
26024,0.0
26048,0.0
26080,0.0
26087,0.0
26113,0.0
26127,0.0
26128,0.0
26129,0.0
26174,0.0
26242,0.0
26251,0.0
26255,0.0
26260,0.0
26262,0.0
26268,0.0
26284,0.0
26503,0.0
27321,0.0
27454,0.0
27456,0.0
27497,0.0
27626,0.0
27739,0.0
27785,1.0
27849,0.0
28344,0.0
28409,0.0
28754,0.0
28826,0.0
28836,0.0
28858,0.0
28924,0.0
28929,0.0
28947,0.0
29005,0.0
29009,0.0
29028,0.0
29031,0.0
29052,0.0
29067,0.0
29106,0.0
29231,0.0
29244,0.0
29298,0.0
29327,0.0
29335,0.0
29347,0.0
29432,0.0
29434,0.0
29468,0.0
29489,0.0
29493,0.0
29494,0.0
29505,0.0
29506,0.0
29540,0.0
29553,0.0
29554,0.0
29565,0.0
29577,0.0
29602,0.0
29610,0.0
29637,0.0
29669,0.0
29709,0.0
29710,0.0
29717,0.0
29745,1.0
29753,0.0
29758,0.0
29768,0.0
29780,0.0
29794,0.0
29796,0.0
29805,0.0
29819,0.0
29844,0.0
29848,0.0
29863,0.0
29866,0.0
29867,0.0
29870,0.0
29911,0.0
29930,0.0
29931,0.0
29935,0.0
29936,0.0
29940,0.0
29951,0.0
29956,0.0
29969,0.0
29992,0.0
29993,0.0
30004,0.0
30005,0.0
30011,0.0
30020,0.0
30030,0.0
30033,0.0
30036,0.0
30070,0.0
30086,0.0
30087,0.0
30104,0.0
30106,0.0
30249,0.0
30251,0.0
30260,0.0
30265,0.0
30345,0.0
30362,0.0
30369,0.0
30378,0.0
30379,0.0
30388,0.0
30421,0.0
30422,0.0
30423,0.0
30427,0.0
30430,1.0
30438,0.0
30446,0.0
30453,0.0
30458,0.0
30474,0.0
30500,0.0
30513,0.0
30521,0.0
30823,1.0
30829,0.0
30836,0.0
30838,0.0
30875,0.0
30886,0.0
30897,0.0
30898,0.0
30909,0.0
30911,1.0
30913,0.0
30922,0.0
30928,0.0
30929,0.0
30932,0.0
30940,0.0
30953,0.0
30958,0.0
30963,0.0
30970,0.0
30975,0.0
30977,0.0
30985,0.0
31190,0.0
31196,0.0
31205,0.0
31208,0.0
31377,0.0
31386,0.0
31388,0.0
31389,0.0
31574,0.0
31583,0.0
31623,0.0
31647,0.0
31655,0.0
31657,0.0
31661,0.0
31665,0.0
31689,0.0
31700,0.0
31710,0.0
31749,0.0
31755,0.0
31764,0.0
31769,0.0
31779,0.0
31780,0.0
31796,0.0
31802,0.0
31806,0.0
31832,0.0
31838,0.0
31841,0.0
31847,0.0
31854,0.0
31890,0.0
31894,0.0
31896,0.0
31899,0.0
31907,0.0
31912,0.0
31933,0.0
31946,0.0
31965,0.0
31967,0.0
31991,0.0
31994,0.0
32004,0.0
32009,0.0
32014,0.0
32019,0.0
32025,0.0
32035,0.0
32039,0.0
32054,0.0
32056,0.0
32062,0.0
32066,0.0
32069,0.0
32075,0.0
32090,0.0
32092,0.0
32093,0.0
32098,0.0
32099,0.0
32101,0.0
32102,0.0
32108,0.0
32110,0.0
32111,0.0
32122,0.0
32130,0.0
32132,0.0
32135,0.0
32136,0.0
32145,0.0
32158,0.0
32159,1.0
32164,0.0
32174,0.0
32183,0.0
32185,0.0
32191,0.0
33945,0.0
34622,0.0
34625,0.0
34627,0.0
34660,0.0
34665,0.0
34666,0.0
34672,0.0
34680,0.0
34684,0.0
34701,0.0
34702,0.0
34710,0.0
34715,0.0
34746,0.0
34751,0.0
34753,1.0
34765,0.0
34769,1.0
34770,0.0
34772,0.0
34775,0.0
34782,0.0
34783,0.0
34788,0.0
34798,0.0
34803,0.0
34808,0.0
34829,0.0
34838,0.0
34843,0.0
34846,0.0
34857,0.0
34897,1.0
34898,0.0
34920,0.0
34949,0.0
34964,0.0
34977,0.0
34979,0.0
34987,0.0
34988,0.0
34992,0.0
35010,0.0
35026,0.0
35029,0.0
35031,0.0
35037,0.0
35048,0.0
35057,0.0
35167,0.0
35177,0.0
35192,1.0
35205,0.0
35222,0.0
35272,0.0
35275,0.0
36336,0.0
36337,0.0
36338,0.0
36355,0.0
36363,1.0
36364,0.0
36370,0.0
36373,0.0
36379,0.0
36380,0.0
36383,0.0
36555,0.0
36564,0.0
36611,1.0
36952,0.0
36954,0.0
36957,0.0
37130,0.0
37136,0.0
37138,0.0
37148,0.0
37154,0.0
37161,0.0
37167,0.0
37168,0.0
37175,0.0
37176,0.0
37177,0.0
37185,0.0
37188,0.0
37189,0.0
37195,0.0
37472,0.0
37489,0.0
37496,0.0
37505,0.0
37514,0.0
37523,0.0
37524,0.0
37528,0.0
37530,0.0
37659,0.0
37660,0.0
37664,0.0
37666,0.0
37672,0.0
37707,0.0
37715,0.0
37716,0.0
37718,0.0
37720,0.0
37726,0.0
37727,0.0
37730,0.0
37731,0.0
37737,0.0
37739,0.0
37741,0.0
37745,1.0
37750,0.0
37905,0.0
37913,0.0
37915,0.0
37917,0.0
37919,1.0
37923,0.0
37929,0.0
37931,0.0
37932,0.0
37938,0.0
37952,0.0
37956,0.0
37957,0.0
37958,0.0
38385,1.0
38389,0.0
38399,0.0
38402,1.0
38405,0.0
38406,0.0
38409,0.0
38412,0.0
38415,1.0
38425,0.0
38432,0.0
38434,1.0
38439,0.0
38443,0.0
38455,0.0
38459,0.0
38463,0.0
39130,0.0
39140,0.0
39150,0.0
39159,0.0
39160,1.0
39177,0.0
40143,0.0
40153,0.0
40193,0.0
40194,1.0
40199,0.0
40213,0.0
40216,0.0
40989,1.0
40991,1.0
40996,0.0
40998,0.0
41007,0.0
41157,0.0
41257,0.0
41271,0.0
41367,0.0
41388,0.0
41391,0.0
41393,0.0
41456,0.0
41460,0.0
41464,0.0
41562,0.0
41564,0.0
41580,0.0
41584,0.0
41671,0.0
41673,0.0
41680,0.0
41694,0.0
41698,0.0
41702,0.0
41703,1.0
41704,1.0
41813,0.0
41815,0.0
41819,0.0
41820,0.0
41822,0.0
41860,0.0
41870,0.0
41871,0.0
41975,0.0
41979,0.0
41980,0.0
42001,0.0
42007,0.0
42008,0.0
42114,0.0
42265,0.0
42273,0.0
42285,0.0
42291,0.0
42396,0.0
42400,0.0
42401,0.0
42402,0.0
42403,0.0
42430,0.0
42549,0.0
42909,0.0
42910,1.0
42912,0.0
42915,0.0
42918,1.0
42935,0.0
42997,0.0
43010,1.0
43014,0.0
43140,0.0
43144,0.0
43145,0.0
43146,0.0
43147,0.0
43159,0.0
43249,0.0
43250,0.0
43253,0.0
43260,0.0
43261,0.0
43281,0.0
43326,0.0
43328,0.0
43332,0.0
43340,0.0
43449,0.0
43508,0.0
43519,0.0
43520,0.0
43620,0.0
43626,0.0
43631,0.0
43633,0.0
43681,0.0
43686,0.0
43687,0.0
43688,0.0
43689,0.0
43690,0.0
43691,0.0
43692,0.0
43709,0.0
43722,0.0
43910,0.0
43976,0.0
43983,0.0
44055,0.0
44056,0.0
44059,0.0
44115,0.0
44117,0.0
44118,0.0
44168,0.0
44176,0.0
44184,0.0
44193,0.0
44265,0.0
44272,0.0
44276,0.0
44289,0.0
44290,0.0
44292,0.0
44293,0.0
44379,1.0
44390,0.0
44492,1.0
44493,0.0
44497,0.0
44503,0.0
44505,0.0
44506,0.0
44600,0.0
44602,0.0
44608,0.0
44612,0.0
44613,0.0
44619,0.0
44621,0.0
44623,0.0
44625,0.0
44628,1.0
44630,0.0
44631,0.0
44632,0.0
44633,0.0
44803,0.0
44884,0.0
44990,0.0
44994,0.0
44995,0.0
44998,0.0
44999,0.0
45004,0.0
45005,0.0
45058,0.0
45059,0.0
45077,0.0
45078,0.0
45081,0.0
45082,0.0
45174,0.0
45176,0.0
45186,0.0
45190,0.0
45191,0.0
45192,0.0
45197,0.0
45203,0.0
45270,0.0
45283,1.0
45286,0.0
45288,0.0
45293,0.0
45295,0.0
45297,0.0
45305,0.0
45379,0.0
45380,0.0
45384,0.0
45417,0.0
45425,0.0
45428,0.0
45430,0.0
45436,0.0
45464,0.0
45467,0.0
45469,0.0
45471,0.0
45475,0.0
45477,0.0
45478,0.0
45555,0.0
45556,0.0
45559,0.0
45566,0.0
45679,0.0
45680,0.0
45684,0.0
45692,1.0
45695,0.0
45696,0.0
45703,0.0
45705,0.0
45709,0.0
45716,0.0
45718,0.0
45728,0.0
45729,0.0
45732,0.0
45863,0.0
45865,0.0
45869,0.0
45871,0.0
45878,0.0
45879,0.0
45886,0.0
46028,0.0
46112,0.0
46418,0.0
46430,1.0
46432,0.0
46441,0.0
46443,0.0
46444,0.0
46555,0.0
46559,0.0
46566,0.0
46668,0.0
46669,0.0
46670,1.0
46675,0.0
46685,0.0
46687,0.0
46689,0.0
46691,0.0
46692,0.0
46694,0.0
46697,0.0
46701,0.0
46844,0.0
46846,0.0
46849,0.0
46853,0.0
46855,0.0
46857,0.0
46858,0.0
46860,0.0
46861,1.0
46862,0.0
46874,0.0
46878,0.0
46883,0.0
46887,0.0
46889,0.0
46890,0.0
46987,0.0
46989,0.0
46990,0.0
46992,0.0
46994,0.0
46996,0.0
46997,0.0
47000,0.0
47004,0.0
47009,0.0
47013,0.0
47018,0.0
47022,0.0
47179,0.0
47183,0.0
47200,0.0
47203,0.0
47210,0.0
47212,0.0
47214,0.0
47216,0.0
47217,0.0
47220,0.0
47422,0.0
47428,0.0
47429,0.0
47442,0.0
47447,0.0
47451,0.0
47872,0.0
47877,0.0
47878,0.0
47880,0.0
47883,0.0
47887,0.0
48766,0.0
48768,0.0
48770,0.0
48773,0.0
48774,0.0
48775,0.0
48776,0.0
48784,0.0
48786,0.0
48787,0.0
48792,0.0
48793,0.0
50199,0.0
50201,0.0
50311,1.0
50323,0.0
50465,0.0
50481,0.0
50489,0.0
50589,0.0
50594,0.0
50600,0.0
50601,0.0
50609,0.0
50614,0.0
50690,1.0
50692,0.0
50694,0.0
50695,0.0
50700,0.0
50706,0.0
50724,0.0
50727,0.0
50729,0.0
50731,0.0
50732,0.0
50733,1.0
50735,0.0
50737,0.0
50830,0.0
50841,0.0
50845,0.0
50853,1.0
50854,0.0
50855,0.0
50860,0.0
50861,0.0
50862,0.0
50864,0.0
50865,0.0
50867,0.0
50869,0.0
50870,0.0
50950,0.0
50954,0.0
50964,0.0
50965,0.0
50969,0.0
50979,0.0
51091,1.0
51092,0.0
51093,0.0
51094,0.0
51096,0.0
51097,0.0
51099,0.0
51103,0.0
51110,0.0
51196,0.0
51198,0.0
51200,0.0
51205,0.0
51208,0.0
51209,0.0
51213,0.0
51304,1.0
51306,0.0
51308,0.0
51311,0.0
51317,0.0
51320,0.0
51321,0.0
51326,0.0
51334,0.0
51337,0.0
51338,0.0
51340,0.0
51418,0.0
51421,0.0
51423,0.0
51426,0.0
51427,0.0
51428,0.0
51433,0.0
51437,0.0
51440,0.0
51442,0.0
51443,0.0
51445,0.0
51447,0.0
51451,0.0
51452,0.0
51454,0.0
51457,0.0
51459,0.0
51568,0.0
51635,0.0
51652,0.0
51957,0.0
51962,0.0
51963,0.0
51966,0.0
51969,0.0
51977,1.0
51987,0.0
51992,0.0
51993,0.0
51998,0.0
52000,0.0
52001,0.0
52115,0.0
52117,0.0
52120,0.0
52129,0.0
52134,0.0
52138,0.0
52139,0.0
52140,0.0
52142,0.0
52247,0.0
52248,0.0
52251,0.0
52253,0.0
52268,0.0
52273,0.0
52278,0.0
52281,0.0
52284,0.0
52287,0.0
52292,0.0
52293,0.0
52295,0.0
52299,0.0
52301,0.0
52302,1.0
52303,0.0
52305,0.0
52366,0.0
52369,0.0
52370,0.0
52371,0.0
52376,0.0
52377,0.0
52378,0.0
52379,1.0
52380,0.0
52388,0.0
52389,0.0
52396,0.0
52404,0.0
52405,0.0
52408,0.0
52416,0.0
52418,0.0
52520,0.0
52525,0.0
52527,0.0
52532,0.0
52536,1.0
52547,0.0
52549,0.0
52662,0.0
52663,0.0
52667,0.0
52669,0.0
52670,0.0
52673,0.0
52677,0.0
52681,0.0
52684,0.0
52690,0.0
52694,0.0
52697,0.0
52700,0.0
52705,0.0
52707,0.0
52708,0.0
52749,0.0
52762,0.0
52763,0.0
52764,0.0
52773,0.0
52778,0.0
52782,0.0
52785,0.0
52786,1.0
52788,0.0
52793,0.0
52799,0.0
52807,0.0
52809,0.0
52811,0.0
52821,0.0
52825,0.0
52839,0.0
52840,0.0
52843,0.0
52852,0.0
52854,0.0
52855,0.0
52856,0.0
52858,0.0
52863,0.0
52867,0.0
52868,0.0
52871,0.0
52942,0.0
52958,0.0
52967,0.0
52968,0.0
52969,0.0
52970,0.0
52971,0.0
52975,0.0
52977,0.0
52978,0.0
52983,0.0
52985,0.0
52991,0.0
52993,0.0
53000,0.0
53006,0.0
53008,0.0
53015,0.0
53017,0.0
53020,0.0
53021,0.0
53023,0.0
53025,0.0
53026,0.0
53029,0.0
53033,0.0
53042,0.0
53043,0.0
53050,0.0
53054,0.0
53059,0.0
53060,0.0
53062,0.0
53063,0.0
53064,0.0
53066,1.0
53071,0.0
53073,0.0
53076,0.0
53077,0.0
53078,0.0
53082,0.0
53085,0.0
53095,0.0
53096,0.0
53097,0.0
53098,0.0
53106,0.0
53126,0.0
53132,0.0
53137,0.0
53139,0.0
53141,0.0
53155,0.0
53156,0.0
53158,0.0
53166,0.0
53167,0.0
53168,0.0
53179,0.0
53182,0.0
53183,0.0
53186,0.0
53187,0.0
53190,0.0
53194,0.0
53196,0.0
53198,0.0
53203,0.0
53205,0.0
53207,0.0
53212,0.0
53214,0.0
53217,1.0
53227,0.0
53234,0.0
53237,0.0
53238,0.0
53242,0.0
53244,0.0
53247,0.0
53248,0.0
53250,0.0
53251,0.0
53252,0.0
53254,0.0
53256,0.0
53257,0.0
53264,0.0
53266,0.0
53269,0.0
53270,0.0
53277,0.0
53280,0.0
53281,0.0
53282,0.0
53284,0.0
53285,0.0
53286,0.0
53293,0.0
53353,0.0
53354,0.0
53355,0.0
53357,0.0
53358,0.0
53359,0.0
53361,0.0
53364,0.0
53365,0.0
53366,0.0
53367,0.0
53368,0.0
53372,0.0
53374,0.0
53375,0.0
53376,0.0
53378,0.0
53383,0.0
53385,0.0
53386,0.0
53387,0.0
53388,0.0
53389,0.0
53391,0.0
53393,0.0
53394,1.0
53395,0.0
53396,0.0
53399,0.0
53400,0.0
53401,0.0
53402,0.0
53405,0.0
53406,0.0
53407,0.0
53411,0.0
53413,0.0
53415,0.0
53417,0.0
53419,0.0
53421,0.0
53423,0.0
53424,0.0
53427,0.0
53428,0.0
53437,0.0
53438,0.0
53439,0.0
53440,0.0
53443,0.0
53444,0.0
53445,0.0
53447,0.0
53453,0.0
53454,0.0
53455,0.0
53456,0.0
53461,0.0
53462,0.0
53463,0.0
53466,0.0
53467,0.0
53472,0.0
53474,0.0
53483,0.0
53488,0.0
53489,0.0
53490,0.0
53493,0.0
53494,0.0
53497,0.0
53500,0.0
53510,0.0
53512,0.0
53520,0.0
53523,0.0
53535,0.0
53539,0.0
53542,0.0
53544,0.0
53546,0.0
53550,0.0
53554,0.0
53556,0.0
53557,0.0
53561,0.0
53568,0.0
53573,0.0
53575,0.0
53576,0.0
53584,0.0
53585,0.0
53687,0.0
53688,0.0
53689,0.0
53694,0.0
53696,0.0
53697,0.0
53698,0.0
53701,0.0
53702,0.0
53703,0.0
53704,0.0
53705,0.0
53706,0.0
53710,0.0
53712,0.0
53713,0.0
53714,0.0
53717,0.0
53720,0.0
53721,0.0
53723,0.0
53724,0.0
53726,0.0
53727,0.0
53753,0.0
53755,0.0
53759,0.0
53763,0.0
53766,0.0
53767,0.0
53769,0.0
53770,0.0
53771,0.0
53773,0.0
53774,0.0
53776,0.0
53779,0.0
53780,0.0
53803,0.0
53806,0.0
53810,0.0
53816,0.0
53819,0.0
53821,0.0
53823,0.0
53824,1.0
53835,0.0
53836,0.0
53842,0.0
53843,0.0
53844,0.0
53846,0.0
53847,0.0
53864,0.0
53870,0.0
53876,0.0
53877,0.0
53879,0.0
53881,0.0
53882,0.0
53883,0.0
53892,0.0
53896,0.0
53901,0.0
53922,0.0
53923,0.0
53925,0.0
53927,0.0
53929,0.0
53931,0.0
53932,0.0
53980,0.0
54006,0.0
54013,0.0
54014,0.0
54018,0.0
54020,0.0
54021,0.0
54022,0.0
54025,0.0
54026,0.0
54027,0.0
54028,0.0
54029,0.0
54031,0.0
54033,0.0
54035,0.0
54037,0.0
54041,0.0
54044,0.0
54048,0.0
54050,0.0
54053,0.0
54057,0.0
54059,0.0
54061,0.0
54063,0.0
54064,0.0
54065,0.0
54069,0.0
54071,0.0
54077,0.0
54080,0.0
54082,0.0
54084,0.0
54087,0.0
54088,0.0
54089,0.0
54099,0.0
54106,0.0
54109,0.0
54112,0.0
54113,0.0
54136,0.0
54139,0.0
54141,0.0
54142,0.0
54146,0.0
54147,0.0
54149,0.0
54151,0.0
54152,0.0
54157,0.0
54158,0.0
54159,0.0
54161,0.0
54162,0.0
54166,0.0
54167,0.0
54169,0.0
54170,0.0
54180,0.0
54182,0.0
54183,0.0
54185,0.0
54194,0.0
54195,0.0
54198,0.0
54202,0.0
54205,0.0
54207,0.0
54208,0.0
54209,0.0
54213,0.0
54214,0.0
54216,0.0
54217,0.0
54222,0.0
54224,0.0
54227,0.0
54228,0.0
54229,0.0
54231,0.0
54232,0.0
54259,0.0
54265,0.0
54268,0.0
54269,0.0
54270,0.0
54271,0.0
54273,0.0
54276,0.0
54303,0.0
54336,0.0
54342,0.0
54343,0.0
54344,0.0
54350,0.0
54351,0.0
54352,0.0
54355,0.0
54356,0.0
54361,0.0
54362,0.0
54363,0.0
54366,0.0
54368,0.0
54369,0.0
54370,0.0
54371,0.0
54373,0.0
54374,1.0
54376,0.0
54377,0.0
54378,0.0
54379,0.0
54381,0.0
54382,0.0
54384,0.0
54388,0.0
54390,0.0
54391,0.0
54396,0.0
54398,0.0
54399,0.0
54401,0.0
54404,0.0
54405,0.0
54407,0.0
54408,0.0
54410,0.0
54412,0.0
54413,0.0
54417,0.0
54418,0.0
54419,0.0
54422,0.0
54424,0.0
54426,0.0
54427,0.0
54428,0.0
54429,0.0
54431,0.0
54432,0.0
54436,0.0
54438,0.0
54439,0.0
54440,0.0
54441,0.0
54444,0.0
54448,0.0
54457,0.0
54459,0.0
54467,0.0
54469,0.0
54470,0.0
54471,0.0
54472,0.0
54473,0.0
54476,0.0
54479,0.0
54480,0.0
54481,0.0
54484,0.0
54486,0.0
54488,0.0
54489,0.0
54495,0.0
54496,0.0
54499,0.0
54503,0.0
54504,0.0
54505,0.0
54507,0.0
54509,0.0
54510,0.0
54513,0.0
54514,0.0
54515,0.0
54516,0.0
54533,0.0
54538,0.0
54539,0.0
54540,0.0
54541,0.0
54542,0.0
54544,0.0
54547,0.0
54548,0.0
54550,0.0
54552,0.0
54555,0.0
54556,0.0
54558,0.0
54561,0.0
54563,0.0
54564,0.0
54566,0.0
54567,0.0
54568,0.0
54569,0.0
54570,0.0
54572,0.0
54574,0.0
54575,0.0
54576,0.0
54577,0.0
54580,0.0
54584,0.0
54588,0.0
54589,0.0
54592,0.0
54593,0.0
54595,0.0
54598,0.0
54600,0.0
54601,0.0
54602,0.0
54604,0.0
54605,0.0
54606,0.0
54610,0.0
54611,0.0
54612,0.0
54614,0.0
54615,0.0
54619,0.0
54620,0.0
54621,0.0
54623,0.0
54627,0.0
54628,0.0
54633,0.0
54638,0.0
54640,0.0
54642,0.0
54643,0.0
54644,0.0
54645,0.0
54646,0.0
54651,0.0
54653,0.0
54654,0.0
54655,0.0
54657,0.0
54658,0.0
54659,0.0
54662,0.0
54663,0.0
54701,0.0
54713,0.0
54719,0.0
54720,0.0
54721,0.0
54723,0.0
54725,0.0
54726,0.0
54731,0.0
54748,0.0
54752,0.0
54756,0.0
54757,0.0
54760,0.0
54761,0.0
54762,0.0
54763,0.0
54764,0.0
54769,0.0
54771,0.0
54772,0.0
54773,0.0
54774,0.0
54777,0.0
54778,0.0
54779,0.0
54780,0.0
54781,0.0
54782,0.0
54784,0.0
54785,0.0
54786,0.0
54787,0.0
54788,0.0
54789,0.0
54790,0.0
54791,0.0
54792,0.0
54793,0.0
54796,0.0
54797,0.0
54798,0.0
54800,0.0
54802,0.0
54803,0.0
54804,0.0
54805,0.0
54808,0.0
54809,0.0
54812,0.0
54813,0.0
54816,0.0
54817,0.0
54819,0.0
54820,0.0
54822,0.0
54824,0.0
54825,0.0
54826,0.0
54827,0.0
54828,0.0
54829,0.0
54830,0.0
54831,0.0
54832,0.0
54837,0.0
54839,0.0
54841,0.0
54844,0.0
54845,0.0
54846,0.0
54848,0.0
54850,0.0
54851,0.0
54852,0.0
54853,0.0
54854,0.0
54855,0.0
54857,0.0
54858,0.0
54859,0.0
54861,0.0
54865,0.0
54866,0.0
54867,0.0
54868,0.0
54870,0.0
54872,0.0
54873,0.0
54875,0.0
54876,0.0
54878,0.0
54879,0.0
54880,0.0
54881,0.0
54882,0.0
54883,0.0
54884,0.0
54886,0.0
54888,0.0
54891,0.0
54892,0.0
54895,0.0
54897,0.0
54898,0.0
54899,0.0
54901,0.0
54907,0.0
54908,0.0
54909,0.0
54912,0.0
54913,0.0
54914,0.0
54918,0.0
54920,0.0
54923,0.0
54927,0.0
54929,0.0
54931,0.0
54933,0.0
54934,0.0
54936,0.0
54938,0.0
54939,0.0
54940,0.0
54941,0.0
54943,0.0
54944,0.0
54946,0.0
54947,0.0
54951,0.0
54953,0.0
54954,0.0
54955,0.0
54958,0.0
54959,0.0
54960,0.0
54961,0.0
54963,0.0
54964,0.0
54965,0.0
54967,0.0
54968,0.0
54971,0.0
54973,0.0
54975,0.0
54976,0.0
54979,0.0
54980,0.0
54984,0.0
54985,0.0
54987,0.0
54990,0.0
54992,0.0
54996,0.0
54997,0.0
54998,0.0
55000,0.0
55001,0.0
55006,0.0
55008,0.0
55013,0.0
55019,0.0
55020,0.0
55021,0.0
55022,0.0
55023,0.0
55024,0.0
55025,0.0
55026,0.0
55027,0.0
55028,0.0
55029,0.0
55030,0.0
55031,0.0
55033,0.0
55034,0.0
55035,0.0
55036,0.0
55038,0.0
55040,0.0
55042,0.0
55047,0.0
55050,0.0
55051,0.0
55053,0.0
55054,0.0
55057,0.0
55058,0.0
55059,0.0
55060,0.0
55062,0.0
55063,0.0
55064,0.0
55066,0.0
55070,0.0
55075,0.0
55082,0.0
55084,0.0
55085,0.0
55088,0.0
55095,0.0
55097,0.0
55098,0.0
55099,0.0
55100,0.0
55102,0.0
55103,0.0
55104,0.0
55105,0.0
55106,0.0
55108,0.0
55109,0.0
55110,0.0
55111,0.0
55113,0.0
55114,0.0
55115,0.0
55119,0.0
55123,0.0
55124,0.0
55126,0.0
55162,0.0
55167,0.0
55170,0.0
55174,0.0
55175,0.0
55178,0.0
55193,0.0
55202,0.0
55205,0.0
55206,0.0
55208,0.0
55212,0.0
55214,0.0
55215,0.0
55218,0.0
55219,0.0
55220,0.0
55222,0.0
55224,0.0
55225,0.0
55226,0.0
55227,0.0
55228,0.0
55229,0.0
55230,0.0
55231,0.0
55232,0.0
55235,0.0
55236,0.0
55238,0.0
55240,0.0
55241,0.0
55242,0.0
55244,0.0
55245,0.0
55248,0.0
55250,0.0
55251,0.0
55252,0.0
55253,0.0
55257,0.0
55259,0.0
55270,0.0
55273,0.0
55274,0.0
55275,0.0
55276,0.0
55278,0.0
55279,0.0
55280,0.0
55281,0.0
55284,0.0
55286,0.0
55287,0.0
55288,0.0
55289,0.0
55290,0.0
55291,0.0
55292,0.0
55295,0.0
55296,0.0
55297,0.0
55298,0.0
55299,0.0
55302,0.0
55303,0.0
55304,0.0
55311,0.0
55313,0.0
55315,0.0
55316,0.0
55317,0.0
55318,0.0
55319,0.0
55321,0.0
55326,0.0
55327,0.0
55328,0.0
55333,0.0
55335,0.0
55337,0.0
55339,0.0
55341,0.0
55342,0.0
55343,0.0
55344,0.0
55345,0.0
55347,0.0
55348,0.0
55349,0.0
55350,0.0
55351,0.0
55353,0.0
55354,0.0
55355,0.0
55358,0.0
55359,0.0
55361,0.0
55362,0.0
55363,0.0
55365,0.0
55366,0.0
55369,0.0
55370,0.0
55371,0.0
55372,0.0
55373,0.0
55374,0.0
55377,0.0
55379,0.0
55381,0.0
55384,0.0
55386,0.0
55389,0.0
55391,0.0
55393,0.0
55394,0.0
55395,0.0
55396,0.0
55397,0.0
55398,0.0
55399,0.0
55400,0.0
55401,0.0
55402,0.0
55403,0.0
55404,0.0
55406,0.0
55408,0.0
55410,0.0
55411,0.0
55412,0.0
55417,0.0
55421,0.0
55423,0.0
55424,0.0
55426,0.0
55427,0.0
55428,0.0
55429,0.0
55431,0.0
55450,0.0
55451,0.0
55452,0.0
55453,0.0
55454,0.0
55456,0.0
55461,0.0
55462,0.0
55463,0.0
55466,0.0
55467,0.0
55468,0.0
55469,0.0
55474,0.0
55477,0.0
55479,0.0
55480,0.0
55481,0.0
55482,0.0
55484,0.0
55486,0.0
55487,0.0
55490,0.0
55491,0.0
55517,0.0
55527,0.0
55529,0.0
55530,0.0
55531,0.0
55535,0.0
55537,0.0
55538,0.0
55540,0.0
55542,0.0
55543,0.0
55544,0.0
55545,0.0
55547,0.0
55548,0.0
55549,0.0
55551,0.0
55555,0.0
55556,0.0
55557,0.0
55559,0.0
55560,0.0
55562,0.0
55563,0.0
55565,0.0
55566,0.0
55567,0.0
55568,0.0
55569,0.0
55570,0.0
55572,0.0
55573,0.0
55574,0.0
55577,0.0
55580,0.0
55581,0.0
55582,0.0
55583,0.0
55584,0.0
55585,0.0
55586,0.0
55587,0.0
55588,0.0
55589,0.0
55591,0.0
55592,0.0
55593,0.0
55594,0.0
55595,0.0
55599,0.0
55601,0.0
55603,0.0
55606,0.0
55608,0.0
55614,0.0
55615,0.0
55617,0.0
55618,0.0
55619,0.0
55620,0.0
55621,0.0
55622,0.0
55623,0.0
55624,0.0
55625,0.0
55627,0.0
55628,0.0
55667,0.0
55668,0.0
55669,0.0
55670,0.0
55672,0.0
55673,0.0
55675,0.0
55677,0.0
55684,0.0
55685,0.0
55688,0.0
55689,0.0
55691,0.0
55692,0.0
55694,0.0
55696,0.0
55697,0.0
55700,0.0
55701,0.0
55702,0.0
55704,0.0
55705,0.0
55708,0.0
55711,0.0
55712,0.0
55715,0.0
55716,0.0
55718,0.0
55744,0.0
55745,0.0
55746,0.0
55747,0.0
55748,0.0
55749,0.0
55750,0.0
55752,0.0
55754,0.0
55755,0.0
55756,0.0
55759,0.0
55760,0.0
55761,0.0
55762,0.0
55775,0.0
55776,0.0
55777,0.0
55778,0.0
55783,0.0
55784,0.0
55788,0.0
55790,0.0
55792,0.0
55794,0.0
55795,0.0
55796,0.0
55798,0.0
55849,0.0
55850,0.0
55867,0.0
55869,0.0
55874,0.0
55876,0.0
55879,0.0
55880,0.0
55882,0.0
55883,0.0
55884,0.0
55886,0.0
55887,0.0
55888,0.0
55889,0.0
55890,0.0
55891,0.0
55893,0.0
55895,0.0
55897,0.0
55898,0.0
55899,0.0
55900,0.0
55901,0.0
55903,0.0
55904,0.0
55906,0.0
55907,0.0
55908,0.0
55909,0.0
55911,0.0
55912,0.0
55914,0.0
55915,0.0
55918,0.0
55919,0.0
55920,0.0
55924,0.0
55925,0.0
55927,0.0
55928,0.0
55929,0.0
55930,0.0
55931,0.0
55932,0.0
55935,0.0
55936,0.0
55938,0.0
55939,0.0
55940,0.0
55941,0.0
55942,0.0
55943,0.0
55954,0.0
55955,0.0
55956,0.0
55958,0.0
55961,0.0
55962,0.0
55963,0.0
55965,0.0
55967,0.0
55968,0.0
55969,0.0
55972,0.0
55973,0.0
55975,0.0
55977,0.0
55978,0.0
55979,0.0
55980,0.0
55982,0.0
55983,0.0
55984,0.0
55987,0.0
55991,0.0
55992,0.0
55993,0.0
55994,0.0
55996,0.0
55997,0.0
55998,0.0
55999,0.0
56000,0.0
56002,0.0
56003,0.0
56004,0.0
56007,0.0
56008,0.0
56010,0.0
56011,0.0
56012,0.0
56013,0.0
56014,0.0
56016,0.0
56017,0.0
56019,0.0
56021,0.0
56023,0.0
56027,0.0
56029,0.0
56030,0.0
56031,0.0
56034,0.0
56036,0.0
56041,0.0
56042,0.0
56043,0.0
56045,0.0
56046,0.0
56049,0.0
56050,0.0
56051,0.0
56053,0.0
56055,0.0
56056,0.0
56057,0.0
56058,0.0
56059,0.0
56061,0.0
56062,0.0
56065,0.0
56066,0.0
56068,0.0
56069,0.0
56071,0.0
56077,0.0
56079,0.0
56081,0.0
56083,0.0
56084,0.0
56085,0.0
56086,0.0
56087,0.0
56089,0.0
56091,0.0
56093,0.0
56094,0.0
56095,0.0
56099,0.0
56100,0.0
56101,0.0
56102,0.0
56103,0.0
56105,0.0
56106,0.0
56107,0.0
56116,0.0
56117,0.0
56118,0.0
56119,0.0
56120,0.0
56121,0.0
56122,0.0
56124,0.0
56125,0.0
56126,0.0
56127,0.0
56128,0.0
56130,0.0
56141,0.0
56146,0.0
56148,0.0
56150,0.0
56151,0.0
56153,0.0
56156,0.0
56157,0.0
56158,0.0
56159,0.0
56160,0.0
56161,0.0
56248,0.0
56287,0.0
56288,0.0
56289,0.0
56290,0.0
56292,0.0
56293,0.0
56294,0.0
56296,0.0
56297,0.0
56298,0.0
56300,0.0
56301,0.0
56303,0.0
56305,0.0
56306,0.0
56307,0.0
56308,0.0
56329,0.0
56330,0.0
56331,0.0
56332,0.0
56334,0.0
56337,0.0
56338,0.0
56339,0.0
56340,0.0
56344,0.0
56347,0.0
56350,0.0
56352,0.0
56353,0.0
56354,0.0
56355,0.0
56358,0.0
56359,0.0
56361,0.0
56362,0.0
56363,0.0
56364,0.0
56365,0.0
56366,0.0
56370,0.0
56371,0.0
56372,0.0
56373,0.0
56374,0.0
56375,0.0
56376,0.0
56378,0.0
56381,0.0
56383,0.0
56390,0.0
56392,0.0
56393,0.0
56395,0.0
56396,0.0
56397,0.0
56399,0.0
56402,0.0
56403,0.0
56404,0.0
56405,0.0
56407,0.0
56408,0.0
56410,0.0
56411,0.0
56413,0.0
56416,0.0
56419,0.0
56420,0.0
56421,0.0
56422,0.0
56423,0.0
56427,0.0
56428,0.0
56429,0.0
56430,0.0
56437,0.0
56438,0.0
56440,0.0
56441,0.0
56442,0.0
56444,0.0
56445,0.0
56446,0.0
56447,0.0
56449,0.0
56450,0.0
56451,0.0
56452,0.0
56453,0.0
56454,0.0
56457,0.0
56458,0.0
56459,0.0
56462,0.0
56465,0.0
56466,0.0
56468,0.0
56473,0.0
56474,0.0
56475,0.0
56481,0.0
56482,0.0
56483,0.0
56488,0.0
56489,0.0
56491,0.0
56495,0.0
56497,0.0
56498,0.0
56499,0.0
56500,0.0
56501,0.0
56504,0.0
56509,0.0
56511,0.0
56512,0.0
56513,0.0
56514,0.0
56515,0.0
56516,0.0
56517,0.0
56518,0.0
56520,0.0
56521,0.0
56523,0.0
56526,0.0
56528,0.0
56532,0.0
56533,0.0
56534,0.0
56536,0.0
56537,0.0
56539,0.0
56540,0.0
56541,0.0
56542,0.0
56546,0.0
56550,0.0
56556,0.0
56557,0.0
56561,0.0
56562,0.0
56563,0.0
56564,0.0
56568,0.0
56569,0.0
56571,0.0
56572,0.0
56574,0.0
56576,0.0
56578,0.0
56581,0.0
56585,0.0
56587,0.0
56588,0.0
56590,0.0
56591,0.0
